CREATE DATABASE  IF NOT EXISTS `SWTOR_Data` /*!40100 DEFAULT CHARACTER SET utf8 COLLATE utf8_unicode_ci */;
USE `SWTOR_Data`;
-- MySQL dump 10.13  Distrib 5.5.16, for Win32 (x86)
--
-- Host: 192.168.0.5    Database: SWTOR_Data
-- ------------------------------------------------------
-- Server version	5.1.28-rc

/*!40101 SET @OLD_CHARACTER_SET_CLIENT=@@CHARACTER_SET_CLIENT */;
/*!40101 SET @OLD_CHARACTER_SET_RESULTS=@@CHARACTER_SET_RESULTS */;
/*!40101 SET @OLD_COLLATION_CONNECTION=@@COLLATION_CONNECTION */;
/*!40101 SET NAMES utf8 */;
/*!40103 SET @OLD_TIME_ZONE=@@TIME_ZONE */;
/*!40103 SET TIME_ZONE='+00:00' */;
/*!40014 SET @OLD_UNIQUE_CHECKS=@@UNIQUE_CHECKS, UNIQUE_CHECKS=0 */;
/*!40014 SET @OLD_FOREIGN_KEY_CHECKS=@@FOREIGN_KEY_CHECKS, FOREIGN_KEY_CHECKS=0 */;
/*!40101 SET @OLD_SQL_MODE=@@SQL_MODE, SQL_MODE='NO_AUTO_VALUE_ON_ZERO' */;
/*!40111 SET @OLD_SQL_NOTES=@@SQL_NOTES, SQL_NOTES=0 */;

--
-- Table structure for table `SWD_Perso`
--

DROP TABLE IF EXISTS `SWD_Perso`;
/*!40101 SET @saved_cs_client     = @@character_set_client */;
/*!40101 SET character_set_client = utf8 */;
CREATE TABLE `SWD_Perso` (
  `PER_ID` varchar(20) COLLATE utf8_unicode_ci NOT NULL,
  PRIMARY KEY (`PER_ID`)
) ENGINE=MyISAM DEFAULT CHARSET=utf8 COLLATE=utf8_unicode_ci;
/*!40101 SET character_set_client = @saved_cs_client */;

--
-- Dumping data for table `SWD_Perso`
--

LOCK TABLES `SWD_Perso` WRITE;
/*!40000 ALTER TABLE `SWD_Perso` DISABLE KEYS */;
/*!40000 ALTER TABLE `SWD_Perso` ENABLE KEYS */;
UNLOCK TABLES;

--
-- Table structure for table `SWD_DTC_GAIN`
--

DROP TABLE IF EXISTS `SWD_DTC_GAIN`;
/*!40101 SET @saved_cs_client     = @@character_set_client */;
/*!40101 SET character_set_client = utf8 */;
CREATE TABLE `SWD_DTC_GAIN` (
  `DTG_ID` varchar(20) COLLATE utf8_unicode_ci NOT NULL,
  `GDC_ID` varchar(4) COLLATE utf8_unicode_ci NOT NULL,
  `DTG_VALUE` int(11) NOT NULL,
  PRIMARY KEY (`DTG_ID`)
) ENGINE=MyISAM DEFAULT CHARSET=utf8 COLLATE=utf8_unicode_ci;
/*!40101 SET character_set_client = @saved_cs_client */;

--
-- Dumping data for table `SWD_DTC_GAIN`
--

LOCK TABLES `SWD_DTC_GAIN` WRITE;
/*!40000 ALTER TABLE `SWD_DTC_GAIN` DISABLE KEYS */;
INSERT INTO `SWD_DTC_GAIN` VALUES ('ALDE_REP_VISE','VISE',4),('ALDE_REP_PRES','PRES',3),('ALDE_REP_VOLO','VOLO',3),('ALDE_REP_VIGU','VIGU',4),('ALDE_REP_ENDU','ENDU',3),('BALM_REP_VISE','VISE',4),('BALM_REP_ASTU','ASTU',4),('BALM_REP_PRES','PRES',4),('BALM_REP_ENDU','ENDU',3),('BALM_REP_VOLO','VOLO',4),('BELS_REP_VOLO','VOLO',4),('BELS_REP_ENDU','ENDU',4),('BELS_REP_PRES','PRES',4),('BELS_REP_VISE','VISE',4),('BELS_REP_GREE','GREE',0),('CORE_REP_VIGU','VIGU',4),('CORE_REP_VOLO','VOLO',4),('CORE_REP_BLUE','BLUE',0),('CORE_REP_PRES','PRES',4),('CORE_REP_VISE','VISE',4),('CORE_REP_ASTU','ASTU',4),('CORE_REP_GREE','GREE',0),('CORU_REP_PRES','PRES',2),('CORU_REP_YELL','YELL',0),('CORU_REP_VIGU','VIGU',2),('CORU_REP_ENDU','ENDU',2),('CORU_REP_ASTU','ASTU',2),('DROM_REP_VIGU','VIGU',2),('DROM_REP_PRES','PRES',2),('DROM_REP_ASTU','ASTU',2),('DROM_REP_YELL','YELL',0),('DROM_REP_ENDU','ENDU',2),('HOTH_REP_PRES','PRES',4),('HOTH_REP_REDM','REDM',0),('HOTH_REP_ENDU','ENDU',4),('HOTH_REP_ASTU','ASTU',4),('HOTH_REP_VIGU','VIGU',4),('HUTT_REP_VISE','VISE',2),('HUTT_REP_BLUE','BLUE',0),('HUTT_REP_PRES','PRES',2),('ILUM_REP_VISE','VISE',4),('ILUM_REP_ENDU','ENDU',4),('ILUM_REP_REDM','REDM',0),('ILUM_REP_VOLO','VOLO',4),('ILUM_REP_YELL','YELL',0),('KORR_REP_VOLO','VOLO',2),('KORR_REP_ENDU','ENDU',2),('KORR_REP_REDM','REDM',0),('NARS_REP_VISE','VISE',3),('NARS_REP_PRES','PRES',3),('NARS_REP_ASTU','ASTU',3),('NARS_REP_VIGU','VIGU',3),('NARS_REP_YELL','YELL',0),('ORDM_REP_REDM','REDM',0),('ORDM_REP_PRES','PRES',2),('ORDM_REP_VISE','VISE',2),('QUES_REP_ASTU','ASTU',4),('QUES_REP_ENDU','ENDU',4),('QUES_REP_VIGU','VIGU',4),('REPU_REP_STAT','STAT',10),('TARI_REP_VIGU','VIGU',2),('TARI_REP_VISE','VISE',2),('TARI_REP_ASTU','ASTU',2),('TARI_REP_VOLO','VOLO',2),('TARI_REP_GREE','GREE',0),('TATO_REP_ASTU','ASTU',3),('TATO_REP_VOLO','VOLO',3),('TATO_REP_VISE','VISE',3),('TATO_REP_BLUE','BLUE',0),('TATO_REP_VIGU','VIGU',3),('TYTH_REP_ENDU','ENDU',2),('TYTH_REP_VOLO','VOLO',2),('TYTH_REP_BLUE','BLUE',0),('VOSS_REP_VOLO','VOLO',4),('VOSS_REP_PRES','PRES',4),('VOSS_REP_ENDU','ENDU',4),('VOSS_REP_VIGU','VIGU',4),('VOSS_REP_ASTU','ASTU',4),('ALDE_EMP_VISE','VISE',4),('ALDE_EMP_PRES','PRES',3),('ALDE_EMP_VOLO','VOLO',3),('ALDE_EMP_VIGU','VIGU',4),('ALDE_EMP_ENDU','ENDU',3),('BALM_EMP_VIGU','VIGU',2),('BALM_EMP_VISE','VISE',2),('BALM_EMP_VOLO','VOLO',2),('BALM_EMP_ASTU','ASTU',2),('BALM_EMP_GREE','GREE',0),('BELS_EMP_VOLO','VOLO',4),('BELS_EMP_ENDU','ENDU',4),('BELS_EMP_PRES','PRES',4),('BELS_EMP_VISE','VISE',4),('BELS_EMP_GREE','GREE',0),('CORE_EMP_VIGU','VIGU',4),('CORE_EMP_BLUE','BLUE',0),('CORE_EMP_PRES','PRES',4),('CORE_EMP_VISE','VISE',4),('CORE_EMP_ASTU','ASTU',4),('CORE_EMP_GREE','GREE',0),('CORE_EMP_VOLO','VOLO',4),('CORU_EMP_PRES','PRES',2),('CORU_EMP_YELL','YELL',0),('CORU_EMP_VIGU','VIGU',2),('CORU_EMP_ENDU','ENDU',2),('CORU_EMP_ASTU','ASTU',2),('DROM_EMP_VIGU','VIGU',2),('DROM_EMP_PRES','PRES',2),('DROM_EMP_ASTU','ASTU',2),('DROM_EMP_YELL','YELL',0),('DROM_EMP_ENDU','ENDU',2),('HOTH_EMP_PRES','PRES',4),('HOTH_EMP_REDM','REDM',0),('HOTH_EMP_ENDU','ENDU',4),('HOTH_EMP_ASTU','ASTU',4),('HOTH_EMP_VIGU','VIGU',4),('HUTT_EMP_VISE','VISE',2),('HUTT_EMP_BLUE','BLUE',0),('HUTT_EMP_PRES','PRES',2),('ILUM_EMP_VISE','VISE',4),('ILUM_EMP_ENDU','ENDU',4),('ILUM_EMP_REDM','REDM',0),('ILUM_EMP_VOLO','VOLO',4),('ILUM_EMP_YELL','YELL',0),('KORR_EMP_VOLO','VOLO',2),('KORR_EMP_ENDU','ENDU',2),('KORR_EMP_REDM','REDM',0),('NARS_EMP_ASTU','ASTU',3),('NARS_EMP_YELL','YELL',0),('NARS_EMP_VISE','VISE',3),('NARS_EMP_PRES','PRES',3),('NARS_EMP_VIGU','VIGU',3),('ORDM_EMP_REDM','REDM',0),('ORDM_EMP_PRES','PRES',2),('ORDM_EMP_VISE','VISE',2),('QUES_EMP_ASTU','ASTU',4),('QUES_EMP_ENDU','ENDU',4),('QUES_EMP_VIGU','VIGU',4),('TARI_EMP_PRES','PRES',0),('TARI_EMP_ENDU','ENDU',0),('TARI_EMP_VISE','VISE',0),('TARI_EMP_VOLO','VOLO',4),('TARI_EMP_ASTU','ASTU',4),('TATO_EMP_VOLO','VOLO',3),('TATO_EMP_VISE','VISE',3),('TATO_EMP_BLUE','BLUE',0),('TATO_EMP_VIGU','VIGU',3),('TATO_EMP_ASTU','ASTU',3),('TYTH_EMP_ENDU','ENDU',2),('TYTH_EMP_VOLO','VOLO',2),('TYTH_EMP_BLUE','BLUE',0),('VOSS_EMP_VOLO','VOLO',4),('VOSS_EMP_PRES','PRES',4),('VOSS_EMP_ENDU','ENDU',4),('VOSS_EMP_VIGU','VIGU',4),('VOSS_EMP_ASTU','ASTU',4);
/*!40000 ALTER TABLE `SWD_DTC_GAIN` ENABLE KEYS */;
UNLOCK TABLES;

--
-- Table structure for table `SWD_Planetes`
--

DROP TABLE IF EXISTS `SWD_Planetes`;
/*!40101 SET @saved_cs_client     = @@character_set_client */;
/*!40101 SET character_set_client = utf8 */;
CREATE TABLE `SWD_Planetes` (
  `PLA_ID` varchar(4) COLLATE utf8_unicode_ci NOT NULL,
  `PLA_LABEL` varchar(100) COLLATE utf8_unicode_ci NOT NULL,
  PRIMARY KEY (`PLA_ID`)
) ENGINE=MyISAM DEFAULT CHARSET=utf8 COLLATE=utf8_unicode_ci COMMENT='Planete table.	';
/*!40101 SET character_set_client = @saved_cs_client */;

--
-- Dumping data for table `SWD_Planetes`
--

LOCK TABLES `SWD_Planetes` WRITE;
/*!40000 ALTER TABLE `SWD_Planetes` DISABLE KEYS */;
INSERT INTO `SWD_Planetes` VALUES ('TATO','Tatooine'),('ORDM','Ord Mantell'),('TYTH','Tython'),('NARS','Nar Shaddaa'),('CORE','Corellia'),('VOSS','Voss'),('HUTT','Hutta'),('ILUM','Ilum'),('BALM','Balmorra'),('REPU','Republic Fleet'),('CORU','Coruscant'),('ALDE','Alderaan'),('KORR','Korriban'),('HOTH','Hoth'),('DROM','Dromund Kaas'),('QUES','Quesh'),('TARI','Taris'),('BELS','Belsavis');
/*!40000 ALTER TABLE `SWD_Planetes` ENABLE KEYS */;
UNLOCK TABLES;

--
-- Table structure for table `SWD_Datacrons`
--

DROP TABLE IF EXISTS `SWD_Datacrons`;
/*!40101 SET @saved_cs_client     = @@character_set_client */;
/*!40101 SET character_set_client = utf8 */;
CREATE TABLE `SWD_Datacrons` (
  `DTC_ID` varchar(13) COLLATE utf8_unicode_ci NOT NULL,
  `DTC_TITLE` varchar(255) COLLATE utf8_unicode_ci NOT NULL,
  `DTC_NO_CODEX_REP` int(11) DEFAULT NULL,
  `DTC_NO_CODEX_EMP` int(11) DEFAULT NULL,
  `DTC_COORD_X` int(11) NOT NULL,
  `DTC_COORD_Y` int(11) NOT NULL,
  `DTC_URL_DETAILS` text COLLATE utf8_unicode_ci NOT NULL,
  `DTC_IS_EMP` bit(1) NOT NULL DEFAULT '\0',
  `DTC_IS_REP` bit(1) NOT NULL DEFAULT '\0',
  `PLA_ID` varchar(4) COLLATE utf8_unicode_ci NOT NULL COMMENT 'Link to place.',
  PRIMARY KEY (`DTC_ID`),
  UNIQUE KEY `DTC_ID_UNIQUE` (`DTC_ID`)
) ENGINE=MyISAM DEFAULT CHARSET=utf8 COLLATE=utf8_unicode_ci COMMENT='Datacrons Table.\n';
/*!40101 SET character_set_client = @saved_cs_client */;

--
-- Dumping data for table `SWD_Datacrons`
--

LOCK TABLES `SWD_Datacrons` WRITE;
/*!40000 ALTER TABLE `SWD_Datacrons` DISABLE KEYS */;
INSERT INTO `SWD_Datacrons` VALUES ('ALDE_REP_VISE','TO_DEFINE',NULL,NULL,1107,80,'http://www.swtor-spy.com/datacrons/alderaan/327/#Alderaan_datacron_Aim4','\0','','ALDE'),('ALDE_REP_PRES','TO_DEFINE',NULL,NULL,-82,-268,'http://www.swtor-spy.com/datacrons/alderaan/327/#Alderaan_datacron_Presence3','\0','','ALDE'),('ALDE_REP_VOLO','TO_DEFINE',NULL,NULL,-2508,-427,'http://www.swtor-spy.com/datacrons/alderaan/327/#Alderaan_datacron_Willpower3','\0','','ALDE'),('ALDE_REP_VIGU','TO_DEFINE',NULL,NULL,2190,-2019,'http://www.swtor-spy.com/datacrons/alderaan/327/#Alderaan_datacron_Strength4','\0','','ALDE'),('ALDE_REP_ENDU','TO_DEFINE',NULL,NULL,2721,2496,'http://www.swtor-spy.com/datacrons/alderaan/327/#Alderaan_datacron_Endurance3','\0','','ALDE'),('BALM_REP_VISE','TO_DEFINE',NULL,NULL,191,-346,'http://www.swtor-spy.com/datacrons/balmorra-republic/332/#Balmorra (Republic)_datacron_Aim4','\0','','BALM'),('BALM_REP_ASTU','TO_DEFINE',NULL,NULL,-1017,1514,'http://www.swtor-spy.com/datacrons/balmorra-republic/332/#Balmorra (Republic)_datacron_Cunning4','\0','','BALM'),('BALM_REP_PRES','TO_DEFINE',NULL,NULL,730,2030,'http://www.swtor-spy.com/datacrons/balmorra-republic/332/#Balmorra (Republic)_datacron_Presence4','\0','','BALM'),('BALM_REP_ENDU','TO_DEFINE',NULL,NULL,-485,-233,'http://www.swtor-spy.com/datacrons/balmorra-republic/332/#Balmorra (Republic)_datacron_Endurance3','\0','','BALM'),('BALM_REP_VOLO','TO_DEFINE',NULL,NULL,-779,2069,'http://www.swtor-spy.com/datacrons/balmorra-republic/332/#Balmorra (Republic)_datacron_Willpower4','\0','','BALM'),('BELS_REP_VOLO','TO_DEFINE',NULL,NULL,-501,768,'http://www.swtor-spy.com/datacrons/belsavis/643/#Belsavis_datacron_Willpower4','\0','','BELS'),('BELS_REP_ENDU','TO_DEFINE',NULL,NULL,-992,-450,'http://www.swtor-spy.com/datacrons/belsavis/643/#Belsavis_datacron_Endurance4','\0','','BELS'),('BELS_REP_PRES','TO_DEFINE',NULL,NULL,-1915,-476,'http://www.swtor-spy.com/datacrons/belsavis/643/#Belsavis_datacron_Presence4','\0','','BELS'),('BELS_REP_VISE','TO_DEFINE',NULL,NULL,-785,-1930,'http://www.swtor-spy.com/datacrons/belsavis/643/#Belsavis_datacron_Aim4','\0','','BELS'),('BELS_REP_GREE','TO_DEFINE',NULL,NULL,-315,-2172,'http://www.swtor-spy.com/datacrons/belsavis/643/#Belsavis_datacron_GreenMatrixShard','\0','','BELS'),('CORE_REP_VIGU','TO_DEFINE',NULL,NULL,-2755,-2005,'http://www.swtor-spy.com/datacrons/corellia/970/#Corellia_datacron_Strength4','\0','','CORE'),('CORE_REP_VOLO','TO_DEFINE',NULL,NULL,703,1717,'http://www.swtor-spy.com/datacrons/corellia/970/#Corellia_datacron_REPUBLICWillpower4','\0','','CORE'),('CORE_REP_BLUE','TO_DEFINE',NULL,NULL,-2425,-1063,'http://www.swtor-spy.com/datacrons/corellia/970/#Corellia_datacron_BlueMatrixShard','\0','','CORE'),('CORE_REP_PRES','TO_DEFINE',NULL,NULL,3425,-3209,'http://www.swtor-spy.com/datacrons/corellia/970/#Corellia_datacron_Presence4','\0','','CORE'),('CORE_REP_VISE','TO_DEFINE',NULL,NULL,3140,-1790,'http://www.swtor-spy.com/datacrons/corellia/970/#Corellia_datacron_Aim4','\0','','CORE'),('CORE_REP_ASTU','TO_DEFINE',NULL,NULL,-2658,-3114,'http://www.swtor-spy.com/datacrons/corellia/970/#Corellia_datacron_Cunning4','\0','','CORE'),('CORE_REP_GREE','TO_DEFINE',NULL,NULL,702,-1884,'http://www.swtor-spy.com/datacrons/corellia/970/#Corellia_datacron_GreenMatrixShard','\0','','CORE'),('CORU_REP_PRES','TO_DEFINE',NULL,NULL,2320,1055,'http://www.swtor-spy.com/datacrons/coruscant/41/#Coruscant_datacron_Presence2','\0','','CORU'),('CORU_REP_YELL','TO_DEFINE',NULL,NULL,905,4557,'http://www.swtor-spy.com/datacrons/coruscant/41/#Coruscant_datacron_YellowMatrixShard','\0','','CORU'),('CORU_REP_VIGU','TO_DEFINE',NULL,NULL,-3087,3030,'http://www.swtor-spy.com/datacrons/coruscant/41/#Coruscant_datacron_Strength2','\0','','CORU'),('CORU_REP_ENDU','TO_DEFINE',NULL,NULL,-3729,161,'http://www.swtor-spy.com/datacrons/coruscant/41/#Coruscant_datacron_Endurance2','\0','','CORU'),('CORU_REP_ASTU','TO_DEFINE',NULL,NULL,1021,3967,'http://www.swtor-spy.com/datacrons/coruscant/41/#Coruscant_datacron_Cunning2','\0','','CORU'),('DROM_REP_VIGU','TO_DEFINE',NULL,NULL,855,643,'http://www.swtor-spy.com/datacrons/dromund-kaas/115/#Dromund Kaas_datacron_Strength2','\0','','DROM'),('DROM_REP_PRES','TO_DEFINE',NULL,NULL,581,798,'http://www.swtor-spy.com/datacrons/dromund-kaas/115/#Dromund Kaas_datacron_Presence2','\0','','DROM'),('DROM_REP_ASTU','TO_DEFINE',NULL,NULL,-1219,209,'http://www.swtor-spy.com/datacrons/dromund-kaas/115/#Dromund Kaas_datacron_Cunning2','\0','','DROM'),('DROM_REP_YELL','TO_DEFINE',NULL,NULL,-187,1738,'http://www.swtor-spy.com/datacrons/dromund-kaas/115/#Dromund Kaas_datacron_YellowMatrixShard','\0','','DROM'),('DROM_REP_ENDU','TO_DEFINE',NULL,NULL,-793,1450,'http://www.swtor-spy.com/datacrons/dromund-kaas/115/#Dromund Kaas_datacron_Endurance2','\0','','DROM'),('HOTH_REP_PRES','TO_DEFINE',NULL,NULL,1039,-1243,'http://www.swtor-spy.com/datacrons/hoth-2/802/#Hoth_datacron_Presence4','\0','','HOTH'),('HOTH_REP_REDM','TO_DEFINE',NULL,NULL,-738,1705,'http://www.swtor-spy.com/datacrons/hoth-2/802/#Hoth_datacron_RedMatrixShard','\0','','HOTH'),('HOTH_REP_ENDU','TO_DEFINE',NULL,NULL,2837,-375,'http://www.swtor-spy.com/datacrons/hoth-2/802/#Hoth_datacron_Endurance4','\0','','HOTH'),('HOTH_REP_ASTU','TO_DEFINE',NULL,NULL,3144,475,'http://www.swtor-spy.com/datacrons/hoth-2/802/#Hoth_datacron_Cunning4','\0','','HOTH'),('HOTH_REP_VIGU','TO_DEFINE',NULL,NULL,-4102,115,'http://www.swtor-spy.com/datacrons/hoth-2/802/#Hoth_datacron_Strength4','\0','','HOTH'),('HUTT_REP_VISE','TO_DEFINE',NULL,NULL,-96,861,'http://www.swtor-spy.com/datacrons/hutta/9/#Hutta_datacron_Aim2','\0','','HUTT'),('HUTT_REP_BLUE','TO_DEFINE',NULL,NULL,-9,319,'http://www.swtor-spy.com/datacrons/hutta/9/#Hutta_datacron_BlueMatrixShard','\0','','HUTT'),('HUTT_REP_PRES','TO_DEFINE',NULL,NULL,648,-107,'http://www.swtor-spy.com/datacrons/hutta/9/#Hutta_datacron_Presence2','\0','','HUTT'),('ILUM_REP_VISE','TO_DEFINE',NULL,NULL,920,1075,'http://www.swtor-spy.com/datacrons/ilum-2/1633/#Ilum_datacron_Aim4','\0','','ILUM'),('ILUM_REP_ENDU','TO_DEFINE',NULL,NULL,103,-80,'http://www.swtor-spy.com/datacrons/ilum-2/1633/#Ilum_datacron_Endurance4','\0','','ILUM'),('ILUM_REP_REDM','TO_DEFINE',NULL,NULL,543,544,'http://www.swtor-spy.com/datacrons/ilum-2/1633/#Ilum_datacron_RedMatrixShard','\0','','ILUM'),('ILUM_REP_VOLO','TO_DEFINE',NULL,NULL,304,-1568,'http://www.swtor-spy.com/datacrons/ilum-2/1633/#Ilum_datacron_Willpower4','\0','','ILUM'),('ILUM_REP_YELL','TO_DEFINE',NULL,NULL,311,-377,'http://www.swtor-spy.com/datacrons/ilum-2/1633/#Ilum_datacron_YellowMatrixShard','\0','','ILUM'),('KORR_REP_VOLO','TO_DEFINE',NULL,NULL,529,65,'http://www.swtor-spy.com/datacrons/korriban/7/#Korriban_datacron_Willpower2','\0','','KORR'),('KORR_REP_ENDU','TO_DEFINE',NULL,NULL,150,78,'http://www.swtor-spy.com/datacrons/korriban/7/#Korriban_datacron_Endurance2','\0','','KORR'),('KORR_REP_REDM','TO_DEFINE',NULL,NULL,-55,379,'http://www.swtor-spy.com/datacrons/korriban/7/#Korriban_datacron_RedMatrixShard','\0','','KORR'),('NARS_REP_VISE','TO_DEFINE',NULL,NULL,-3362,-3316,'http://www.swtor-spy.com/datacrons/nar-shaddaa/94/#Nar Shaddaa_datacron_RepublicAim3','\0','','NARS'),('NARS_REP_PRES','TO_DEFINE',NULL,NULL,3338,-3287,'http://www.swtor-spy.com/datacrons/nar-shaddaa/94/#Nar Shaddaa_datacron_RepublicPresence3','\0','','NARS'),('NARS_REP_ASTU','TO_DEFINE',NULL,NULL,1958,3288,'http://www.swtor-spy.com/datacrons/nar-shaddaa/94/#Nar Shaddaa_datacron_Cunning3','\0','','NARS'),('NARS_REP_VIGU','TO_DEFINE',NULL,NULL,2156,3103,'http://www.swtor-spy.com/datacrons/nar-shaddaa/94/#Nar Shaddaa_datacron_RepublicStrength3','\0','','NARS'),('NARS_REP_YELL','TO_DEFINE',NULL,NULL,1781,3084,'http://www.swtor-spy.com/datacrons/nar-shaddaa/94/#Nar Shaddaa_datacron_YellowMatrixShard','\0','','NARS'),('ORDM_REP_REDM','TO_DEFINE',NULL,NULL,778,133,'http://www.swtor-spy.com/datacrons/ord-mantell/8/#Ord Mantell_datacron_RedMatrixShard','\0','','ORDM'),('ORDM_REP_PRES','TO_DEFINE',NULL,NULL,-971,201,'http://www.swtor-spy.com/datacrons/ord-mantell/8/#Ord Mantell_datacron_Presence2','\0','','ORDM'),('ORDM_REP_VISE','TO_DEFINE',NULL,NULL,-660,-561,'http://www.swtor-spy.com/datacrons/ord-mantell/8/#Ord Mantell_datacron_Aim2','\0','','ORDM'),('QUES_REP_ASTU','TO_DEFINE',NULL,NULL,425,-132,'http://www.swtor-spy.com/datacrons/quesh/906/#Quesh_datacron_Cunning4','\0','','QUES'),('QUES_REP_ENDU','TO_DEFINE',NULL,NULL,207,773,'http://www.swtor-spy.com/datacrons/quesh/906/#Quesh_datacron_Endurance4','\0','','QUES'),('QUES_REP_VIGU','TO_DEFINE',NULL,NULL,557,1422,'http://www.swtor-spy.com/datacrons/quesh/906/#Quesh_datacron_Strength4','\0','','QUES'),('REPU_REP_STAT','TO_DEFINE',NULL,NULL,0,0,'http://www.swtor-spy.com/datacrons/republic-fleet/2014/#Republic Fleet_datacron_Stats10','\0','','REPU'),('TARI_REP_VIGU','TO_DEFINE',NULL,NULL,1187,-571,'http://www.swtor-spy.com/datacrons/taris/69/#Taris_datacron_REPUBLICStrength2orEMPIREPresence4','\0','','TARI'),('TARI_REP_VISE','TO_DEFINE',NULL,NULL,-1515,-253,'http://www.swtor-spy.com/datacrons/taris/69/#Taris_datacron_REPUBLICAim2orEMPIREEndurance3','\0','','TARI'),('TARI_REP_ASTU','TO_DEFINE',NULL,NULL,1047,454,'http://www.swtor-spy.com/datacrons/taris/69/#Taris_datacron_REPUBLICCunning2orEMPIREAim4','\0','','TARI'),('TARI_REP_VOLO','TO_DEFINE',NULL,NULL,-362,-227,'http://www.swtor-spy.com/datacrons/taris/69/#Taris_datacron_REPUBLICWillpower2','\0','','TARI'),('TARI_REP_GREE','TO_DEFINE',NULL,NULL,1059,1039,'http://www.swtor-spy.com/datacrons/taris/69/#Taris_datacron_REPUBLICGreenMatrixShard','\0','','TARI'),('TATO_REP_ASTU','TO_DEFINE',NULL,NULL,2140,-3671,'http://www.swtor-spy.com/datacrons/tatooine/139/#Tatooine_datacron_RepublicCunning3','\0','','TATO'),('TATO_REP_VOLO','TO_DEFINE',NULL,NULL,2115,-596,'http://www.swtor-spy.com/datacrons/tatooine/139/#Tatooine_datacron_Willpower3','\0','','TATO'),('TATO_REP_VISE','TO_DEFINE',NULL,NULL,-628,-30,'http://www.swtor-spy.com/datacrons/tatooine/139/#Tatooine_datacron_Aim3','\0','','TATO'),('TATO_REP_BLUE','TO_DEFINE',NULL,NULL,-2391,-1381,'http://www.swtor-spy.com/datacrons/tatooine/139/#Tatooine_datacron_BlueMatrixShard','\0','','TATO'),('TATO_REP_VIGU','TO_DEFINE',NULL,NULL,-2391,-1381,'http://www.swtor-spy.com/datacrons/tatooine/139/#Tatooine_datacron_Strength3','\0','','TATO'),('TYTH_REP_ENDU','TO_DEFINE',NULL,NULL,-33,-102,'http://www.swtor-spy.com/datacrons/tython/31/#Tython_datacron_Endurance2','\0','','TYTH'),('TYTH_REP_VOLO','TO_DEFINE',NULL,NULL,-648,-72,'http://www.swtor-spy.com/datacrons/tython/31/#Tython_datacron_Willpower2','\0','','TYTH'),('TYTH_REP_BLUE','TO_DEFINE',NULL,NULL,-93,922,'http://www.swtor-spy.com/datacrons/tython/31/#Tython_datacron_BlueMatrixShard','\0','','TYTH'),('VOSS_REP_VOLO','TO_DEFINE',NULL,NULL,-29,372,'http://www.swtor-spy.com/datacrons/voss/858/#Voss_datacron_Willpower4','\0','','VOSS'),('VOSS_REP_PRES','TO_DEFINE',NULL,NULL,2144,-840,'http://www.swtor-spy.com/datacrons/voss/858/#Voss_datacron_Presence4','\0','','VOSS'),('VOSS_REP_ENDU','TO_DEFINE',NULL,NULL,-1950,-2220,'http://www.swtor-spy.com/datacrons/voss/858/#Voss_datacron_Endurance4','\0','','VOSS'),('VOSS_REP_VIGU','TO_DEFINE',NULL,NULL,655,2049,'http://www.swtor-spy.com/datacrons/voss/858/#Voss_datacron_Strength4','\0','','VOSS'),('VOSS_REP_ASTU','TO_DEFINE',NULL,NULL,515,175,'http://www.swtor-spy.com/datacrons/voss/858/#Voss_datacron_Cunning4','\0','','VOSS'),('ALDE_EMP_VISE','TO_DEFINE',NULL,NULL,1107,80,'http://www.swtor-spy.com/datacrons/alderaan/327/#Alderaan_datacron_Aim4','','\0','ALDE'),('ALDE_EMP_PRES','TO_DEFINE',NULL,NULL,-82,-268,'http://www.swtor-spy.com/datacrons/alderaan/327/#Alderaan_datacron_Presence3','','\0','ALDE'),('ALDE_EMP_VOLO','TO_DEFINE',NULL,NULL,-2508,-427,'http://www.swtor-spy.com/datacrons/alderaan/327/#Alderaan_datacron_Willpower3','','\0','ALDE'),('ALDE_EMP_VIGU','TO_DEFINE',NULL,NULL,2190,-2019,'http://www.swtor-spy.com/datacrons/alderaan/327/#Alderaan_datacron_Strength4','','\0','ALDE'),('ALDE_EMP_ENDU','TO_DEFINE',NULL,NULL,2721,2496,'http://www.swtor-spy.com/datacrons/alderaan/327/#Alderaan_datacron_Endurance3','','\0','ALDE'),('BALM_EMP_VIGU','TO_DEFINE',NULL,NULL,727,2033,'http://www.swtor-spy.com/datacrons/balmorra-empire/193/#Balmorra (Empire)_datacron_Strength2','','\0','BALM'),('BALM_EMP_VISE','TO_DEFINE',NULL,NULL,-1017,1514,'http://www.swtor-spy.com/datacrons/balmorra-empire/193/#Balmorra (Empire)_datacron_Aim2','','\0','BALM'),('BALM_EMP_VOLO','TO_DEFINE',NULL,NULL,191,-346,'http://www.swtor-spy.com/datacrons/balmorra-empire/193/#Balmorra (Empire)_datacron_Willpower2','','\0','BALM'),('BALM_EMP_ASTU','TO_DEFINE',NULL,NULL,1853,111,'http://www.swtor-spy.com/datacrons/balmorra-empire/193/#Balmorra (Empire)_datacron_Cunning2','','\0','BALM'),('BALM_EMP_GREE','TO_DEFINE',NULL,NULL,-505,1990,'http://www.swtor-spy.com/datacrons/balmorra-empire/193/#Balmorra (Empire)_datacron_GreenMatrixShard','','\0','BALM'),('BELS_EMP_VOLO','TO_DEFINE',NULL,NULL,-501,768,'http://www.swtor-spy.com/datacrons/belsavis/643/#Belsavis_datacron_Willpower4','','\0','BELS'),('BELS_EMP_ENDU','TO_DEFINE',NULL,NULL,-992,-450,'http://www.swtor-spy.com/datacrons/belsavis/643/#Belsavis_datacron_Endurance4','','\0','BELS'),('BELS_EMP_PRES','TO_DEFINE',NULL,NULL,-1915,-476,'http://www.swtor-spy.com/datacrons/belsavis/643/#Belsavis_datacron_Presence4','','\0','BELS'),('BELS_EMP_VISE','TO_DEFINE',NULL,NULL,-785,-1930,'http://www.swtor-spy.com/datacrons/belsavis/643/#Belsavis_datacron_Aim4','','\0','BELS'),('BELS_EMP_GREE','TO_DEFINE',NULL,NULL,-315,-2172,'http://www.swtor-spy.com/datacrons/belsavis/643/#Belsavis_datacron_GreenMatrixShard','','\0','BELS'),('CORE_EMP_VIGU','TO_DEFINE',NULL,NULL,-2755,-2005,'http://www.swtor-spy.com/datacrons/corellia/970/#Corellia_datacron_Strength4','','\0','CORE'),('CORE_EMP_BLUE','TO_DEFINE',NULL,NULL,-2425,-1063,'http://www.swtor-spy.com/datacrons/corellia/970/#Corellia_datacron_BlueMatrixShard','','\0','CORE'),('CORE_EMP_PRES','TO_DEFINE',NULL,NULL,3425,-3209,'http://www.swtor-spy.com/datacrons/corellia/970/#Corellia_datacron_Presence4','','\0','CORE'),('CORE_EMP_VISE','TO_DEFINE',NULL,NULL,3140,-1790,'http://www.swtor-spy.com/datacrons/corellia/970/#Corellia_datacron_Aim4','','\0','CORE'),('CORE_EMP_ASTU','TO_DEFINE',NULL,NULL,-2658,-3114,'http://www.swtor-spy.com/datacrons/corellia/970/#Corellia_datacron_Cunning4','','\0','CORE'),('CORE_EMP_GREE','TO_DEFINE',NULL,NULL,702,-1884,'http://www.swtor-spy.com/datacrons/corellia/970/#Corellia_datacron_GreenMatrixShard','','\0','CORE'),('CORE_EMP_VOLO','TO_DEFINE',NULL,NULL,-2404,2948,'http://www.swtor-spy.com/datacrons/corellia/970/#Corellia_datacron_EMPIREWillpower4','','\0','CORE'),('CORU_EMP_PRES','TO_DEFINE',NULL,NULL,2320,1055,'http://www.swtor-spy.com/datacrons/coruscant/41/#Coruscant_datacron_Presence2','','\0','CORU'),('CORU_EMP_YELL','TO_DEFINE',NULL,NULL,905,4557,'http://www.swtor-spy.com/datacrons/coruscant/41/#Coruscant_datacron_YellowMatrixShard','','\0','CORU'),('CORU_EMP_VIGU','TO_DEFINE',NULL,NULL,-3087,3030,'http://www.swtor-spy.com/datacrons/coruscant/41/#Coruscant_datacron_Strength2','','\0','CORU'),('CORU_EMP_ENDU','TO_DEFINE',NULL,NULL,-3729,161,'http://www.swtor-spy.com/datacrons/coruscant/41/#Coruscant_datacron_Endurance2','','\0','CORU'),('CORU_EMP_ASTU','TO_DEFINE',NULL,NULL,1021,3967,'http://www.swtor-spy.com/datacrons/coruscant/41/#Coruscant_datacron_Cunning2','','\0','CORU'),('DROM_EMP_VIGU','TO_DEFINE',NULL,NULL,855,643,'http://www.swtor-spy.com/datacrons/dromund-kaas/115/#Dromund Kaas_datacron_Strength2','','\0','DROM'),('DROM_EMP_PRES','TO_DEFINE',NULL,NULL,581,798,'http://www.swtor-spy.com/datacrons/dromund-kaas/115/#Dromund Kaas_datacron_Presence2','','\0','DROM'),('DROM_EMP_ASTU','TO_DEFINE',NULL,NULL,-1219,209,'http://www.swtor-spy.com/datacrons/dromund-kaas/115/#Dromund Kaas_datacron_Cunning2','','\0','DROM'),('DROM_EMP_YELL','TO_DEFINE',NULL,NULL,-187,1738,'http://www.swtor-spy.com/datacrons/dromund-kaas/115/#Dromund Kaas_datacron_YellowMatrixShard','','\0','DROM'),('DROM_EMP_ENDU','TO_DEFINE',NULL,NULL,-793,1450,'http://www.swtor-spy.com/datacrons/dromund-kaas/115/#Dromund Kaas_datacron_Endurance2','','\0','DROM'),('HOTH_EMP_PRES','TO_DEFINE',NULL,NULL,1039,-1243,'http://www.swtor-spy.com/datacrons/hoth-2/802/#Hoth_datacron_Presence4','','\0','HOTH'),('HOTH_EMP_REDM','TO_DEFINE',NULL,NULL,-738,1705,'http://www.swtor-spy.com/datacrons/hoth-2/802/#Hoth_datacron_RedMatrixShard','','\0','HOTH'),('HOTH_EMP_ENDU','TO_DEFINE',NULL,NULL,2837,-375,'http://www.swtor-spy.com/datacrons/hoth-2/802/#Hoth_datacron_Endurance4','','\0','HOTH'),('HOTH_EMP_ASTU','TO_DEFINE',NULL,NULL,3144,475,'http://www.swtor-spy.com/datacrons/hoth-2/802/#Hoth_datacron_Cunning4','','\0','HOTH'),('HOTH_EMP_VIGU','TO_DEFINE',NULL,NULL,-4102,115,'http://www.swtor-spy.com/datacrons/hoth-2/802/#Hoth_datacron_Strength4','','\0','HOTH'),('HUTT_EMP_VISE','TO_DEFINE',NULL,NULL,-96,861,'http://www.swtor-spy.com/datacrons/hutta/9/#Hutta_datacron_Aim2','','\0','HUTT'),('HUTT_EMP_BLUE','TO_DEFINE',NULL,NULL,-9,319,'http://www.swtor-spy.com/datacrons/hutta/9/#Hutta_datacron_BlueMatrixShard','','\0','HUTT'),('HUTT_EMP_PRES','TO_DEFINE',NULL,NULL,648,-107,'http://www.swtor-spy.com/datacrons/hutta/9/#Hutta_datacron_Presence2','','\0','HUTT'),('ILUM_EMP_VISE','TO_DEFINE',NULL,NULL,920,1075,'http://www.swtor-spy.com/datacrons/ilum-2/1633/#Ilum_datacron_Aim4','','\0','ILUM'),('ILUM_EMP_ENDU','TO_DEFINE',NULL,NULL,103,-80,'http://www.swtor-spy.com/datacrons/ilum-2/1633/#Ilum_datacron_Endurance4','','\0','ILUM'),('ILUM_EMP_REDM','TO_DEFINE',NULL,NULL,543,544,'http://www.swtor-spy.com/datacrons/ilum-2/1633/#Ilum_datacron_RedMatrixShard','','\0','ILUM'),('ILUM_EMP_VOLO','TO_DEFINE',NULL,NULL,304,-1568,'http://www.swtor-spy.com/datacrons/ilum-2/1633/#Ilum_datacron_Willpower4','','\0','ILUM'),('ILUM_EMP_YELL','TO_DEFINE',NULL,NULL,311,-377,'http://www.swtor-spy.com/datacrons/ilum-2/1633/#Ilum_datacron_YellowMatrixShard','','\0','ILUM'),('KORR_EMP_VOLO','TO_DEFINE',NULL,NULL,529,65,'http://www.swtor-spy.com/datacrons/korriban/7/#Korriban_datacron_Willpower2','','\0','KORR'),('KORR_EMP_ENDU','TO_DEFINE',NULL,NULL,150,78,'http://www.swtor-spy.com/datacrons/korriban/7/#Korriban_datacron_Endurance2','','\0','KORR'),('KORR_EMP_REDM','TO_DEFINE',NULL,NULL,-55,379,'http://www.swtor-spy.com/datacrons/korriban/7/#Korriban_datacron_RedMatrixShard','','\0','KORR'),('NARS_EMP_ASTU','TO_DEFINE',NULL,NULL,1958,3288,'http://www.swtor-spy.com/datacrons/nar-shaddaa/94/#Nar Shaddaa_datacron_Cunning3','','\0','NARS'),('NARS_EMP_YELL','TO_DEFINE',NULL,NULL,1781,3084,'http://www.swtor-spy.com/datacrons/nar-shaddaa/94/#Nar Shaddaa_datacron_YellowMatrixShard','','\0','NARS'),('NARS_EMP_VISE','TO_DEFINE',NULL,NULL,-3699,-1692,'http://www.swtor-spy.com/datacrons/nar-shaddaa/94/#Nar Shaddaa_datacron_EmpireAim3','','\0','NARS'),('NARS_EMP_PRES','TO_DEFINE',NULL,NULL,2930,400,'http://www.swtor-spy.com/datacrons/nar-shaddaa/94/#Nar Shaddaa_datacron_EmpirePresence3','','\0','NARS'),('NARS_EMP_VIGU','TO_DEFINE',NULL,NULL,2017,2441,'http://www.swtor-spy.com/datacrons/nar-shaddaa/94/#Nar Shaddaa_datacron_EmpireStrength3','','\0','NARS'),('ORDM_EMP_REDM','TO_DEFINE',NULL,NULL,778,133,'http://www.swtor-spy.com/datacrons/ord-mantell/8/#Ord Mantell_datacron_RedMatrixShard','','\0','ORDM'),('ORDM_EMP_PRES','TO_DEFINE',NULL,NULL,-971,201,'http://www.swtor-spy.com/datacrons/ord-mantell/8/#Ord Mantell_datacron_Presence2','','\0','ORDM'),('ORDM_EMP_VISE','TO_DEFINE',NULL,NULL,-660,-561,'http://www.swtor-spy.com/datacrons/ord-mantell/8/#Ord Mantell_datacron_Aim2','','\0','ORDM'),('QUES_EMP_ASTU','TO_DEFINE',NULL,NULL,425,-132,'http://www.swtor-spy.com/datacrons/quesh/906/#Quesh_datacron_Cunning4','','\0','QUES'),('QUES_EMP_ENDU','TO_DEFINE',NULL,NULL,207,773,'http://www.swtor-spy.com/datacrons/quesh/906/#Quesh_datacron_Endurance4','','\0','QUES'),('QUES_EMP_VIGU','TO_DEFINE',NULL,NULL,557,1422,'http://www.swtor-spy.com/datacrons/quesh/906/#Quesh_datacron_Strength4','','\0','QUES'),('TARI_EMP_PRES','TO_DEFINE',NULL,NULL,1187,-571,'http://www.swtor-spy.com/datacrons/taris/69/#Taris_datacron_REPUBLICStrength2orEMPIREPresence4','','\0','TARI'),('TARI_EMP_ENDU','TO_DEFINE',NULL,NULL,-1515,-253,'http://www.swtor-spy.com/datacrons/taris/69/#Taris_datacron_REPUBLICAim2orEMPIREEndurance3','','\0','TARI'),('TARI_EMP_VISE','TO_DEFINE',NULL,NULL,1047,454,'http://www.swtor-spy.com/datacrons/taris/69/#Taris_datacron_REPUBLICCunning2orEMPIREAim4','','\0','TARI'),('TARI_EMP_VOLO','TO_DEFINE',NULL,NULL,444,-772,'http://www.swtor-spy.com/datacrons/taris/69/#Taris_datacron_EMPIREWillpower4','','\0','TARI'),('TARI_EMP_ASTU','TO_DEFINE',NULL,NULL,-643,1606,'http://www.swtor-spy.com/datacrons/taris/69/#Taris_datacron_EMPIRECunning4','','\0','TARI'),('TATO_EMP_VOLO','TO_DEFINE',NULL,NULL,2115,-596,'http://www.swtor-spy.com/datacrons/tatooine/139/#Tatooine_datacron_Willpower3','','\0','TATO'),('TATO_EMP_VISE','TO_DEFINE',NULL,NULL,-628,-30,'http://www.swtor-spy.com/datacrons/tatooine/139/#Tatooine_datacron_Aim3','','\0','TATO'),('TATO_EMP_BLUE','TO_DEFINE',NULL,NULL,-2391,-1381,'http://www.swtor-spy.com/datacrons/tatooine/139/#Tatooine_datacron_BlueMatrixShard','','\0','TATO'),('TATO_EMP_VIGU','TO_DEFINE',NULL,NULL,-2391,-1381,'http://www.swtor-spy.com/datacrons/tatooine/139/#Tatooine_datacron_Strength3','','\0','TATO'),('TATO_EMP_ASTU','TO_DEFINE',NULL,NULL,726,3137,'http://www.swtor-spy.com/datacrons/tatooine/139/#Tatooine_datacron_EmpireCunning3','','\0','TATO'),('TYTH_EMP_ENDU','TO_DEFINE',NULL,NULL,-33,-102,'http://www.swtor-spy.com/datacrons/tython/31/#Tython_datacron_Endurance2','','\0','TYTH'),('TYTH_EMP_VOLO','TO_DEFINE',NULL,NULL,-648,-72,'http://www.swtor-spy.com/datacrons/tython/31/#Tython_datacron_Willpower2','','\0','TYTH'),('TYTH_EMP_BLUE','TO_DEFINE',NULL,NULL,-93,922,'http://www.swtor-spy.com/datacrons/tython/31/#Tython_datacron_BlueMatrixShard','','\0','TYTH'),('VOSS_EMP_VOLO','TO_DEFINE',NULL,NULL,-29,372,'http://www.swtor-spy.com/datacrons/voss/858/#Voss_datacron_Willpower4','','\0','VOSS'),('VOSS_EMP_PRES','TO_DEFINE',NULL,NULL,2144,-840,'http://www.swtor-spy.com/datacrons/voss/858/#Voss_datacron_Presence4','','\0','VOSS'),('VOSS_EMP_ENDU','TO_DEFINE',NULL,NULL,-1950,-2220,'http://www.swtor-spy.com/datacrons/voss/858/#Voss_datacron_Endurance4','','\0','VOSS'),('VOSS_EMP_VIGU','TO_DEFINE',NULL,NULL,655,2049,'http://www.swtor-spy.com/datacrons/voss/858/#Voss_datacron_Strength4','','\0','VOSS'),('VOSS_EMP_ASTU','TO_DEFINE',NULL,NULL,515,175,'http://www.swtor-spy.com/datacrons/voss/858/#Voss_datacron_Cunning4','','\0','VOSS');
/*!40000 ALTER TABLE `SWD_Datacrons` ENABLE KEYS */;
UNLOCK TABLES;

--
-- Table structure for table `SWD_TypeGainDatacrons`
--

DROP TABLE IF EXISTS `SWD_TypeGainDatacrons`;
/*!40101 SET @saved_cs_client     = @@character_set_client */;
/*!40101 SET character_set_client = utf8 */;
CREATE TABLE `SWD_TypeGainDatacrons` (
  `GDC_ID` varchar(4) COLLATE utf8_unicode_ci NOT NULL,
  `GDC_LABEL_FR` varchar(100) COLLATE utf8_unicode_ci DEFAULT NULL,
  `GDC_LABEL_EN` varchar(100) COLLATE utf8_unicode_ci NOT NULL,
  PRIMARY KEY (`GDC_ID`)
) ENGINE=MyISAM DEFAULT CHARSET=utf8 COLLATE=utf8_unicode_ci;
/*!40101 SET character_set_client = @saved_cs_client */;

--
-- Dumping data for table `SWD_TypeGainDatacrons`
--

LOCK TABLES `SWD_TypeGainDatacrons` WRITE;
/*!40000 ALTER TABLE `SWD_TypeGainDatacrons` DISABLE KEYS */;
INSERT INTO `SWD_TypeGainDatacrons` VALUES ('BLUE','Blue Matrix Shard','Blue Matrix Shard'),('ASTU','Astuce','Cunning'),('ENDU','Endurance','Endurance'),('VISE','Visee','Aim'),('STAT','Stats','Stats'),('VOLO','Volonté','Willpower'),('REDM','Red Matrix Shard','Red Matrix Shard'),('VIGU','Vigueur','Strength'),('PRES','Presence','Presence'),('GREE','Green Matrix Shard','Green Matrix Shard'),('YELL','Yellow Matrix Shard','Yellow Matrix Shard');
/*!40000 ALTER TABLE `SWD_TypeGainDatacrons` ENABLE KEYS */;
UNLOCK TABLES;

--
-- Dumping events for database 'SWTOR_Data'
--
/*!40103 SET TIME_ZONE=@OLD_TIME_ZONE */;

/*!40101 SET SQL_MODE=@OLD_SQL_MODE */;
/*!40014 SET FOREIGN_KEY_CHECKS=@OLD_FOREIGN_KEY_CHECKS */;
/*!40014 SET UNIQUE_CHECKS=@OLD_UNIQUE_CHECKS */;
/*!40101 SET CHARACTER_SET_CLIENT=@OLD_CHARACTER_SET_CLIENT */;
/*!40101 SET CHARACTER_SET_RESULTS=@OLD_CHARACTER_SET_RESULTS */;
/*!40101 SET COLLATION_CONNECTION=@OLD_COLLATION_CONNECTION */;
/*!40111 SET SQL_NOTES=@OLD_SQL_NOTES */;

-- Dump completed on 2012-05-06 22:03:43
